{
  "backend": "padim_resnet50",
  "category": "bottle",
  "image_auroc": 0.9936507936507937,
  "pixel_auroc": 0.954509741685529,
  "dice_otsu": 0.4939052302440605,
  "dice_percent": 0.23587485929348928,
  "threshold_percentile": 0.99
}