{
  "backend": "padim_resnet50",
  "category": "bottle",
  "image_auroc": 0.6150793650793651,
  "pixel_auroc": 0.9503508725477827,
  "dice_otsu": 0.4802011660684725,
  "dice_percent": 0.4231384433092584,
  "threshold_percentile": 0.9
}