{
  "backend": "cae",
  "category": "bottle",
  "image_auroc": 0.8738095238095238,
  "pixel_auroc": 0.835480605831478,
  "dice_otsu": 0.26487431077482143,
  "dice_percent": 0.26277075408659245,
  "threshold_percentile": 0.9
}