{
  "backend": "cae",
  "category": "bottle",
  "image_auroc": 0.45476190476190476,
  "pixel_auroc": 0.8040279429104791,
  "dice_otsu": 0.19711525320910214,
  "dice_percent": 0.18694536107469323,
  "threshold_percentile": 0.9
}